question|answer|source url|publication date
What is called gaming?|Gaming is the running of specialized applications known as electronic games or video games on game consoles like X-box and Playstation or on personal computers (in which case the activity is known as online gaming).|https://www.techtarget.com/whatis/definition/gaming|
What does a gamer do?|A gamer is a proactive hobbyist who plays interactive games, especially video games, tabletop role-playing games, and skill-based card games, and who plays for usually long periods of time.|https://en.wikipedia.org/wiki/Gamer|
Are gaming good for you?|Gaming is really a workout for your mind disguised as fun. Studies have shown that playing video games regularly may increase gray matter in the brain and boost brain connectivity. (Gray matter is associated with muscle control, memories, perception, and spatial navigation.)|https://www.geico.com/living/home/technology/9-reasons-to-give-video-games-a-try/|
What is a gaming lifestyle?|The gaming lifestyle is not an exact science, as every gamer's life is different and suits with responsibilities. Teens can fancy more time on games requiring advanced skills, and adults have more duties, limiting their way to play. Still, they both have time to fancy video games with their family and friends.|https://dubsnatch.com/blogs/gaming/gaming-lifestyle|
Is a gamer a job?|Many pro gamers start off gaming as a hobby, but then turn it into a professional career if the money is right. Some games pay enough at the top competitions for people to turn gaming into a career, but this is not common. So if the money is right, and your game is popular, then yes gaming can become a career.|https://streamersplaybook.com/is-gaming-a-good-career/|15-Aug-2022
Do gamers make money?| On average, professional gamers earn between $1,000 and $5,000 per month, or, between $12,000 and $60,000 per year. A professional gamers salary will depend on several factors, such as: The game they play. Their level of skill.|https://cyberathletiks.com/how-much-do-professional-gamers-make/|
How old is a gamer?| As generations have grown up with video games a normal part of life, the age of the average gamer also increases. During a 2022 survey, 36 percent of video game players still come from the 18 to 34 age demographic, and six percent are 65 years and older.4 days ago|https://www.statista.com/statistics/189582/age-of-us-video-game-players/|
What makes a true gamer?|Most agree that true gamers enjoy something more than cheap games. For example, few people who play Angry Birds or Tetris for five hours a day would call themselves a “gamer” with a straight face (just like no one who eats nothing but McDonald's every day would call themselves a foodie).|https://thoughtcatalog.com/max-loh/2015/04/what-is-a-true-gamer/|07-Apr-2015
What is the highest paid gaming job?|High Paying Game Developer JobsGameplay Engineer. Salary range: $79,500-$172,500 per year. ... Game Engineer. Salary range: $94,500-$155,500 per year. ... Senior Game Advisor. Salary range: $31,500-$127,000 per year. ... Senior Game Developer. ... Gameplay Programmer. ... Game Programmer. ... Senior Games Technician. ... Game Advisor.|https://www.ziprecruiter.com/g/Highest-Paying-Game-Developer-Jobs|
What are 10 benefits of gaming?|The most notable positive effects of gaming include:Improved cognitive abilities.Improved problem-solving skills and logic.Increased hand-to-eye coordination.Greater multi-tasking ability.Faster and more accurate decision-making.Enhanced prosocial behaviors.Better eyesight (attention to detail)|https://gamequitters.com/positive-effects-of-video-games/|
What are the side effects of gaming?| Gaming has also been associated with sleep deprivation, insomnia and circadian rhythm disorders, depression, aggression, and anxiety, though more studies are needed to establish the validity and the strength of these connections.|https://www.health.harvard.edu/blog/the-health-effects-of-too-much-gaming-2020122221645|22-Dec-2020
How does gaming affect the brain?|Just 10–20 minutes of violent gaming can increase activity in the brain regions associated with arousal, anxiety, and emotional reaction, while simultaneously reducing activity in the frontal lobes associated with emotion regulation and executive control.|https://www.brainfacts.org/neuroscience-in-society/tech-and-the-brain/2021/how-playing-video-games-affects-your-brain-101521|15-Oct-2021
What do gamers want most?|Complete Control. Gamers want full control of every aspect of their gaming experience, from ergonomics to usability. They'll readily adopt devices that allow them to achieve this end.|http://www.acer.com/acerdesign/views/five_things.html|
How many hours do pro gamers sleep?|Participants had a median total sleep time of 6.8 h and a sleep efficiency of 86.4% per night.|https://www.ncbi.nlm.nih.gov/pmc/articles/PMC7830734/|14-Jan-2021
Who is the oldest pro gamer?|At 79 years old, Abbe Borg, also known by his gaming handle, “DieHardBirdie”, is the oldest esports champion in the world.|https://ftw.usatoday.com/2021/11/diehardbirdie-interview-worlds-oldest-esports-player-csgo|17-Nov-2021
What to study to become a gamer?|What can I do after 12th to Become a Game Designer?Certificate in Gaming.Certificate course in Game Art & Design.Diploma in Game Design.Diploma in Game Design and Integration.Diploma in Game Programming.Diploma in Game Development.Diploma in Production Gaming.Diploma in Animation and Special Effect.|https://leverageedu.com/blog/game-designing-courses-after-12th/|
How do I become a paid gamer?|How to Become a Professional Gamer: A Step-by-Step GuideStep 1: Choose Your Game, Platform, and Genre. ... Step 2: Practice Makes Perfect. ... Step 3: Join a Gaming Community. ... Step 4: Invest in Good Gaming Gear. ... Step 5: Attend Local Gaming Events. ... Step 6: Find a Team. ... Step 7: Compete in Leagues and Tournaments. ... Step 8: Get Sponsored.|https://www.uopeople.edu/blog/how-to-become-a-professional-gamer/|
How do you start being a gamer?|10 Steps to Becoming a Pro GamerFind Your Motivation. As with anything in life, it's important to play Esports for the right reasons. ... Pick Your Game. The next step is to find your game. ... Join the Community. As much as pro gaming is about individual talent, it's also about the culture surrounding the game. ... Gear Up. ... Practice.|https://www.intel.com/content/www/us/en/gaming/resources/want-pro-gamer.html|
How are gamers so rich?|A professional gamer has three sources of income – brand partnerships, money earned from streaming of a game besides tournament prize money.|https://www.financialexpress.com/brandwagon/life-of-an-online-gamer-playing-the-wheel-of-fortune/2208872/|09-Mar-2021
How do gamers make millions?| In general, there are five primary sources of income for professional gamers: prize money, salaries, sponsorships, live-streaming, and video-on-demand content.|https://www.teknosassociates.com/how-do-professional-gamers-make-money/|
How much does a gamer make an hour?|How much does a Video Game Player make? As of Oct 11, 2022, the average hourly pay for a Video Game Player in the United States is $27.02 an hour.|https://www.ziprecruiter.com/Salaries/Video-Game-Player-Salary-per-Hour|
Where do most gamers live?|Texas landed a fourth place spot, with 42% of its population falling in the typical gaming age range. They also have a total of 11 gaming events—six gaming conventions and five Comic-Cons....The States with the Largest Gaming Communities, Ranked Largest to Smallest.StateRankMaryland1New Jersey2California3Texas46 more rows•|https://www.getcenturylink.com/blog/the-best-states-for-online-gamers-and-gaming-communities/|21-Jun-2021
How many girl gamers are there?|In 2022, women accounted for 48 percent of gamers in the United States, up from 45 percent of U.S. gamers identifying as women during the previous year....Distribution of video gamers in the United States from 2006 to 2022, by gender.CharacteristicMaleFemale202059%41%201954%46%201855%45%201759%42%9 more rows•3 days ago|https://www.statista.com/statistics/232383/gender-split-of-us-computer-and-video-gamers/|
Which country has the most gamers?|The Philippines had the highest video gaming usage reach, ranking first with a gaming penetration of 96.4 percent. Thailand was ranked second with 94.7 percent of responding internet users stating that they played video games....CharacteristicShare of respondentsIndonesia94.5%Vietnam93.4%India92%Taiwan91.6%9 more rows•|https://www.statista.com/statistics/195768/global-gaming-reach-by-country/|09-Mar-2022
How do I know if Im a gamer?|15 Signs You Might Be A GamerYour financial planning is focused on game releases. ... Your idea of classical music is an 8-bit game soundtrack. ... You gotta have that low ping and high FPS.Your idea of camping never involves s'mores. ... Your avatar has nicer clothes than you. ... You've never actually met some of your best friends.•|https://www.tifosioptics.com/2021/09/03/15-signs-you-might-be-a-gamer/|03-Sept-2021
Who are true gamers?|1. a person who plays video games or participates in role-playing games. More broadly, “one who plays games”.|https://www.quora.com/What-is-a-true-Gamer|
What is considered a casual gamer?|Casual Games” refers to a type of video game that doesn't require a major time investment to play, win, and enjoy. While separately, a “casual gamer” is someone who enjoys any video game without investing significant time into it, playing it spontaneously, irregularly, or infrequently.|https://www.consumeracquisition.com/faq/what-are-casual-games|
Can you study gaming?|Game design courses will generally provide a range of understanding and skills, starting with game theory and moving into the practical side of things. Some offer state of the art games labs where you can experiment with technology such as motion capture.|https://www.britishcouncil.hk/en/discover-gaming-degrees-uk|
What is the most income job?|Top 10 Highest Paying Jobs in India 2022 – Astonishing Medical Professionals (Doctors & Surgeons) Data Scientist. Machine Learning Experts. Blockchain Developer. Full Stack Software Developer. Product Management. Management Consultant. Explore our Popular Data Science Courses. Investment Banker.|https://www.upgrad.com/blog/top-10-highest-paying-jobs-in-india/|
How much do pro gamers make?|How much does a pro gamer make? It varies. The standard right now for a mid-to-high tier professional is $50,000 – $75,000 annually from salary only. Earnings from tournament winnings, sponsorships, and streaming are added and calculated based on how popular an individual player is.|https://www.esportsgrizzly.com/blog/how-much-do-esports-players-make/|27-Mar-2022
Is gaming good for your mental health?|The truth is that video games have many benefits, including developing complex problem-solving skills and promoting social interaction through online gaming. Video games can be a great way to stimulate your mind and improve your mental health.|https://www.webmd.com/mental-health/mental-health-benefits-of-video-games|25-Oct-2021
Why do humans play games?|In general, games are critically important in establishing healthy social interactions, and failing to play them can result in inappropriate aggression, anxiety and social isolation. Because of this role for playing in social learning, the most important games may be the ones we play when we are young.|https://www.scientificamerican.com/article/play-may-be-a-deeper-part-of-human-nature-than-we-thought/|08-Oct-2019
Is gaming more beneficial or harmful?|It's true that some studies have shown certain video games can improve hand–eye coordination, problem-solving skills, and the mind's ability to process information. But too much video game playing may cause problems. It's hard to get enough active play and exercise if you're always inside playing video games.|https://kidshealth.org/en/kids/video-gaming.html|
What are 3 dangers of online gaming?|How to Protect Your Child from the Top 7 Dangers of Online GamingCyber bullying. ... Privacy Problems. ... Personal Information on Consoles, Computers and Devices. ... Webcam Worries. ... Online Predators. ... Hidden Fees. ... Malware.|https://usa.kaspersky.com/resource-center/threats/top-7-online-gaming-dangers-facing-kids|
How many hours of gaming a day is healthy?|The American Academy of Pediatrics recommends no more than two hours per day of screen-based entertainment. Parents should create a “media plan” that dictates what hours a child can enjoy video games without affecting behavior and homework, Radesky says.|https://healthblog.uofmhealth.org/childrens-health/healthier-video-game-habits-5-tips-for-parents-of-teens|20-Jan-2020
Is gaming an addiction?|Although it is not yet recognized by the American Medical Association as a diagnosable disorder, video game addiction is a very real problem for many people. According to the University of New Mexico, recent studies suggest that 6 to 15 percent of all gamers exhibit signs that could be characterized as addiction.|https://www.psychguides.com/behavioral-disorders/video-game-addiction/|
Do video games affect behavior?|Increased aggression, which could indicate kids learning violence from gaming. Change in behavior, such as increased social isolation or a decline in grades at school. Irritability. Difficulty sleeping.|https://www.childrens.com/health-wellness/do-video-games-cause-aggressive-behavior|07-Nov-2018
Does gaming ruin dopamine?|A study published in the scientific journal Nature in 1998 showed that playing video games releases the feel-good neurotransmitter dopamine. The amount of dopamine released while playing video games was similar to what is seen after intravenous injection of the stimulant drugs amphetamine or methylphenidate.|https://www.brainandlife.org/articles/how-do-video-games-affect-the-developing-brains-of-children|
Can video games damage your eyesight?|It's true that prolonged video gaming sessions can have short-term negative effects on your eye health. This is due to what the American Optometric Association calls computer vision syndrome, or digital eye strain.|https://www.essilorusa.com/newsroom/can-my-video-games-hurt-my-eyes|
How do I get a gamer boyfriend?|The Ultimate Guide To Dating A Gamer BoyfriendTurn Gaming Into An Activity That You Can Enjoy Together.Think Of Quirky Date Ideas That You Can Both Enjoy As Gamers.Game Themed Dates At Home Ideas.Set Aside Quality Time For Dates And Introduce Boundaries.If You Are Not A Gamer Respect Your Partner's Gaming Passion.•|https://fadedspring.co.uk/dating/guide-to-dating-a-gamer-boyfriend/|04-Dec-2020
Who is the best gamer in the world 2022?|It's very hard to make it a few minutes into gaming YouTube without coming across Pewdiepie. The Pewds, as his fans call him, has been the leader of the YouTube gaming world for over a decade. Felix “PewDiePie” Kjellberg—AKA the King of YouTube, boasts 111 million subscribers to date.|https://publer.io/blog/youtube-gamers/|
What types of gamers are there?| Bartle's Taxonomy: Types of GamersSocializes.Explorers.Achievers.Killers.|https://www.gamedesigning.org/gaming/gamer-types/|22-Sept-2022
Why do gamers play at night?|Playing late at night means you'll be more inclined to wear headphones to avoid disturbing others, meaning you're more enclosed, 'closer' to the game. It means you can probably dismiss screen glare worries. It means there are far less distractions, less likelihood a buzzing phone is going to clamour for attention.|https://www.gamesradar.com/all-night-gaming-binges-why-do-we-do-it-and-what-does-it-do-us/|03-Jul-2017
How old are pro gamers?|In Activision's Call of Duty League, the average competitor is around 22 years old, according to league data. In Blizzard Entertainment's Overwatch League, the average player is about 20 years old. In both leagues, players retire extremely young compared to traditional sports.|https://www.washingtonpost.com/video-games/esports/2022/04/19/esports-age-retirement/|19-Apr-2022
How do pro gamers stay healthy?| Hand and wrist exercises to boost esports health Also try exercises like moving your wrists in circles, flexing your fingers and stretching your wrists at least once an hour. Every game has some downtime every now and then, so put this time to good use by giving your hands and wrists some relief.|https://www.esports.net/wiki/guides/how-to-stay-healthy-while-gaming/|
